qb_name,clip_id,source_url,retrieval_date,license_note,timestamp_range,camera_angle,notes,validation_status,validation_notes
josh_allen,clip1_sideline_slowmo,https://youtube.com/shorts/VaOsCrzH_Ic,2026-09-24,"YouTube fan re-upload (@billsbunker) of Bills sideline footage; non-commercial research/portfolio use",0:00-0:10.6,near-side-view,"Sideline slow-mo throw at Former Highmark Stadium; full body visible; minor unrelated auto-caption overlay near top, does not cover body",fail,"Angle: pass (near-side). Full body: pass. Resolution: pass. Single throw: FAIL on closer frame-by-frame review (task 19) -- this is an exaggerated, theatrical full-arm-circle showman windup (not standard game/practice mechanics), and the back half of the clip cuts to unrelated sideline interactions with teammates/reporters (not the same throw at all). Not representative of normal throwing mechanics. EXCLUDED from phase-segmentation gold-labeling (task 19-20), feature extraction, and the V0 similarity check; kept in data/raw only as a documented example of a disqualifying case."
josh_allen,clip2_combine_slowmo,https://youtube.com/shorts/oulUQ6D9d0c,2026-09-24,"YouTube coaching channel (@qbperformancelab); non-commercial research/portfolio use",0:00-0:06.3,near-side-view,"NFL Combine footage; clean background, full body visible, no clutter; ORIGINAL 0:00-0:15.4 window turned out to loop the same throw twice (confirmed via frame-by-frame contact-sheet review, task 19) -- retrimmed to 0:00-6.3s to isolate the first cycle only",pass,"Angle: pass (near-side). Single throw: pass after retrim (one full load-through-follow-through cycle, second repeat cycle excluded). Full body: pass. Resolution: pass (source up to 1080p). Pose detection: 189/189 frames (100%) on the retrimmed clip."
patrick_mahomes,clip1_qbperformancelab_62mph,https://youtube.com/shorts/DgyXQKTiUoQ,2026-09-24,"YouTube coaching channel (@qbperformancelab); non-commercial research/portfolio use",0:00-0:13.2,near-side-view,"62mph throw claim; sideline backdrop cutout scene, full body visible, minor unrelated caption overlay near top; genuinely a single very-slow-motion continuous throw (confirmed via frame-by-frame contact-sheet review, task 19) -- long apparent stillness during load is real high-frame-rate slow-mo, not a loop",pass,"Angle: pass (near-side). Single throw: pass (confirmed continuous single motion end-to-end, no loop). Full body: pass. Resolution: pass (source up to 1080p). Overlays: minor, non-disqualifying."
patrick_mahomes,clip2_nfl_2017combine_full,https://www.youtube.com/watch?v=Ppeu6Mm4cT8,2026-09-24,"NFL official YouTube channel; non-commercial research/portfolio use",0:41.5-0:45.5,near-side-view,"Full video is 2017 NFL Combine workout (95.8s); broadcast cuts between a wide establishing shot and a close near-side shot mid-rep; usable close single-throw segment (catch-dropback-throw-follow-through) isolated at 41.5-45.5s after re-verifying against extracted frames from the downloaded file",pass,"Angle: pass (near-side, after trimming out the wide-shot lead-in). Single throw: pass (one continuous catch-dropback-throw-follow-through). Full body: pass, feet clear of the persistent lower-third score-bug graphic in the final trim window. Resolution: pass (720p max available, meets the floor)."
lamar_jackson,clip1_ravens_combine_full,https://www.youtube.com/watch?v=Xc3xwbSS0Mw,2026-09-25,"Baltimore Ravens official YouTube channel; non-commercial research/portfolio use",0:23.3-0:25.0,near-side-view,"Full video is Ravens combine highlights reel, mostly wide/elevated broadcast shots; one brief clean near-side window found (load through follow-through) before the camera pans up to the jumbotron; isolated at 23.3-25.0s. Re-downloaded and re-trimmed 2026-09-25 (real cloud-session pose data was never obtained until this date, per research_log.md) -- this re-download's frame timing landed slightly differently than the original 2026-09-24 sourcing pass, so the original 23.3-25.15s window left a 3-frame trailing gap (camera already panning) that wasn't present before; tightened to 23.3-25.0s to cut it out again, same troubleshooting approach as the original session.",pass,"Angle: pass (near-side). Single throw: pass (full load-through-follow-through captured in the ~1.7s window). Full body: pass. Resolution: pass (source up to 1080p). Pose detection: 51 frames total, 2 isolated 1-frame gaps (indices 39, 41) both fully interpolated by pipeline/landmark_filter.py -- effectively 100% usable. Caveat: window is short because the broadcast camera pans away right after; acceptable for V0/V2 but tighter than the other clips."
lamar_jackson,clip2_nfl_everythrow_full,https://www.youtube.com/watch?v=YIlqMpKFhds,2026-09-24,"NFL official YouTube channel; non-commercial research/portfolio use",0:08.3-0:12.8,near-side-view,"Full video is 'Every Lamar Jackson Throw During Workout' combine compilation (299.7s), mostly wide/rear-view broadcast shots of other players' reps; one clean near-side segment of Lamar found near the start (catch-dropback-set) isolated at 8.3-12.8s; broadcast cuts away before the release/follow-through is visible, so this clip captures load+stride phases only, not the full throw",pass-with-caveat,"Angle: pass (near-side). Single throw: FAIL on strict criterion (only load+stride phases visible, no release/follow-through -- broadcast cuts away). Full body: pass. Resolution: pass (720p available). Decision: keep for V0 pose-extraction/phase-segmentation dry runs on the phases it does cover, but EXCLUDE from the V0 similarity-matrix check (task 26-27), which needs comparable phase coverage across clips. Revisit sourcing a full-motion Lamar clip during V1 dataset expansion (task 29)."
josh_allen,clip3_wgrz_pregame_warmup,https://www.instagram.com/reel/DcWT0JKEz_i/,2026-09-27,"Instagram, WGRZ (Buffalo local TV news) own sideline camera; individual/media tier; non-commercial research/portfolio use",0:25.4-0:27.1,near-side-view,"2026 preseason pregame warmups at Cleveland; profile at set/load, rotates toward camera in follow-through. Window starts after a blurred foreground object passes.",pass,Round 1-3 sourcing (docs/instagram_sourcing_spec.md): agent true-frame-rate contact-sheet check + orchestrator spot-check passed. Pose detection: 52/52 frames (100%).
patrick_mahomes,clip3_acl_rehab_primevideo,https://www.instagram.com/reel/DWUn4bTjBtu/,2026-09-27,"Instagram, NFL on Prime Video (official) repost via @patrickmahomes; non-commercial research/portfolio use",0:03.0-0:05.5,three-quarter-view,"Indoor ACL-rehab throwing session, 2026. Subject small in frame; caption box in lower frame. Window located by orchestrator from a coarse sheet (not recorded in round 1).",fail,Round 1-3 sourcing (docs/instagram_sourcing_spec.md): agent true-frame-rate contact-sheet check + orchestrator spot-check passed. Pose detection: 65/75 frames (87%). FAIL: below 90% detection threshold.
joe_burrow,clip1_kramsky_pregame_deepball,https://www.instagram.com/reel/DCFou7AuKD_/,2026-09-27,"Instagram, Marshall Kramsky (Cincinnati sports reporter) own phone footage; individual/media tier; non-commercial research/portfolio use",0:01.5-0:05.0,three-quarter-view,"Pregame deep ball at M&T Bank Stadium, 2024-11-07. Dropback-set-release-follow-through; caption sits above head.",pass,Round 1-3 sourcing (docs/instagram_sourcing_spec.md): agent true-frame-rate contact-sheet check + orchestrator spot-check passed. Pose detection: 105/105 frames (100%).
joe_burrow,clip2_junglero_pregame,https://www.youtube.com/watch?v=ny-QLoHj5O8,2026-09-27,"YouTube, Jungle Roar Bengals Pod (fan channel); individual/fan tier; non-commercial research/portfolio use",0:09.8-0:10.6,three-quarter-view,Pregame warmup at Cleveland; front three-quarter turning side-on at cock/release. Staffer walks alongside but stays separate.,fail,Round 1-3 sourcing (docs/instagram_sourcing_spec.md): agent true-frame-rate contact-sheet check + orchestrator spot-check passed. Pose detection: 21/24 frames (88%). FAIL: below 90% detection threshold.
daniel_jones,clip1_talkingiants_workout2020,https://www.instagram.com/p/B-hhuG4lw3j/,2026-09-27,"Instagram, Talkin' Giants fan account repost of 2020 offseason workout video (original uncredited); individual/fan tier; non-commercial research/portfolio use",0:16.5-0:18.7,three-quarter-view,"Standing throw, no dropback. 720x376. Stop at 18.7s (crossfade to next clip follows).",pass,Round 1-3 sourcing (docs/instagram_sourcing_spec.md): agent true-frame-rate contact-sheet check + orchestrator spot-check passed. Pose detection: 66/66 frames (100%).
kyler_murray,clip1_k1_vikings_offseason,https://www.instagram.com/reel/DW9NBRjEctD/,2026-09-27,"Instagram, VikingzFanPage repost credited to 'k1' (Kyler Murray's own media); individual/fan tier; non-commercial research/portfolio use",0:00.0-0:03.4,three-quarter-view,"2026 offseason. CAVEAT: motion looks mildly slowed (possible cinematic slow-mo) -- joint angles/sequencing OK, absolute timing unreliable. Equipment bag may hide a foot in a few frames.",pass-with-caveat,Round 1-3 sourcing (docs/instagram_sourcing_spec.md): agent true-frame-rate contact-sheet check + orchestrator spot-check passed. Pose detection: 102/102 frames (100%).
cam_ward,clip1_selectqb_indoor,https://www.instagram.com/reel/DGMA8sFSi_u/,2026-09-27,"Instagram, Select QB Athletics (Ward's pre-draft QB trainer) own footage; individual/trainer tier; non-commercial research/portfolio use",0:01.6-0:02.8,near-side-view,"Indoor facility, 2025-02. Shot B of a 4-shot edit (cuts at 1.633s and 4.0s). Subject ~1/4 frame height.",pass,Round 1-3 sourcing (docs/instagram_sourcing_spec.md): agent true-frame-rate contact-sheet check + orchestrator spot-check passed. Pose detection: 34/34 frames (100%).
caleb_williams,clip1_berkshire_predraft,https://www.tiktok.com/@aaronberkshire13/video/7348594591190224171,2026-09-27,"TikTok, Aaron Berkshire (videographer) own footage; individual/fan tier; non-commercial research/portfolio use",0:35.5-0:39.8,three-quarter-behind-view,"2024 pre-draft workout, 1080p. Three-quarter-behind at set/load rotating to three-quarter-front at release. Hard cut at 39.83s.",pass,Round 1-3 sourcing (docs/instagram_sourcing_spec.md): agent true-frame-rate contact-sheet check + orchestrator spot-check passed. Pose detection: 103/103 frames (100%).
caleb_williams,clip2_rivals_hs_workout,https://www.youtube.com/watch?v=JBmi1R9jwgg,2026-09-27,"YouTube, Rivals Video (recruiting media); individual/media tier; non-commercial research/portfolio use",0:21.8-0:23.4,three-quarter-view,"2020 high-school workout (Oklahoma commit), 720p. Different session from clip1.",pass,Round 1-3 sourcing (docs/instagram_sourcing_spec.md): agent true-frame-rate contact-sheet check + orchestrator spot-check passed. Pose detection: 93/93 frames (100%).
kirk_cousins,clip1_own_x_rehab2024,https://x.com/KirkCousins8/status/1762141871021666538,2026-09-27,"X, Kirk Cousins' own account; individual tier; non-commercial research/portfolio use",0:02.3-0:03.9,three-quarter-behind-view,"Achilles rehab on indoor tennis court, 2024-02-26. Video 1 of a 2-video post (video 2 same session, not promoted).",pass,Round 1-3 sourcing (docs/instagram_sourcing_spec.md): agent true-frame-rate contact-sheet check + orchestrator spot-check passed. Pose detection: 48/48 frames (100%).
geno_smith,clip1_nyjetstf_x_2026,https://x.com/NYJetsTFMedia/status/2081129452696645757,2026-09-27,"X, Harrison Glaser (NYJetsTFMedia) fan/media account; individual/fan tier; non-commercial research/portfolio use",0:28.8-0:30.9,three-quarter-behind-view,2026 offseason session. Avoid 0-2s (name overlay on body).,pass,Round 1-3 sourcing (docs/instagram_sourcing_spec.md): agent true-frame-rate contact-sheet check + orchestrator spot-check passed. Pose detection: 62/62 frames (100%).
geno_smith,clip2_jets_tiktok_wk1_pregame,https://www.tiktok.com/@nyjets/video/7685041655333784846,2026-09-27,"TikTok, New York Jets official account; non-commercial research/portfolio use",0:06.1-0:07.6,three-quarter-behind-view,2026 Week 1 pregame at Tennessee. 'QB1 warming up' caption sits below feet.,pass,Round 1-3 sourcing (docs/instagram_sourcing_spec.md): agent true-frame-rate contact-sheet check + orchestrator spot-check passed. Pose detection: 45/45 frames (100%).
geno_smith,clip3_wvu_proday_2013,https://www.youtube.com/watch?v=U3csS2AjZK4,2026-09-27,"YouTube, fan upload ('Rob') of 2013 WVU pro day; individual/fan tier; non-commercial research/portfolio use",8:32.7-8:33.7,near-side-view,"Under-center snap and dropback throw. 720p, subject small with crowd behind -- weakest promoted clip.",pass,Round 1-3 sourcing (docs/instagram_sourcing_spec.md): agent true-frame-rate contact-sheet check + orchestrator spot-check passed. Pose detection: 30/30 frames (100%).
deshaun_watson,clip1_brownscentral_avery,https://www.instagram.com/p/DNOIZ5eNuXo/,2026-09-27,"Instagram, Noah Schaefer (brownscentral) fan/media account, carousel item 2; individual/fan tier; non-commercial research/portfolio use",0:40.6-0:42.9,three-quarter-view,2025-08 Browns facility session with QB coach Quincy Avery. Front three-quarter; release ~42.4s.,pass,Round 1-3 sourcing (docs/instagram_sourcing_spec.md): agent true-frame-rate contact-sheet check + orchestrator spot-check passed. Pose detection: 70/70 frames (100%).
malik_willis,clip1_mcevoy_x_2026,https://x.com/QBCoachMcEvoy/status/2036202427381145753,2026-09-27,"X, Sean McEvoy (Willis's QB coach) own footage; individual/trainer tier; non-commercial research/portfolio use",0:11.6-0:13.9,three-quarter-behind-view,"2026-03 Jacksonville session, 4K60. Scene cut at ~11.53s just before window.",pass,Round 1-3 sourcing (docs/instagram_sourcing_spec.md): agent true-frame-rate contact-sheet check + orchestrator spot-check passed. Pose detection: 138/138 frames (100%).
malik_willis,clip2_nfl_2022combine,https://www.youtube.com/watch?v=nP-WVYkoU1E,2026-09-27,"YouTube, NFL official channel; non-commercial research/portfolio use",1:04.2-1:05.6,near-side-view,"2022 combine workout, 1080p tracking shot; stats lower-third just below feet.",pass,Round 1-3 sourcing (docs/instagram_sourcing_spec.md): agent true-frame-rate contact-sheet check + orchestrator spot-check passed. Pose detection: 40/41 frames (98%).
malik_willis,clip3_qbtakeover_draftprep,https://www.youtube.com/watch?v=I6vJq8XJny4,2026-09-27,"YouTube, Quarterback Takeover (trainer channel); individual/trainer tier; non-commercial research/portfolio use",4:21.4-4:23.0,near-side-view,"'Draft Prep 2022 Ep.1', Georgia Tech indoor. Sprint-out throw on the run, not a set dropback.",pass,Round 1-3 sourcing (docs/instagram_sourcing_spec.md): agent true-frame-rate contact-sheet check + orchestrator spot-check passed. Pose detection: 38/38 frames (100%).
bo_nix,clip1_qbcountry_2026,https://www.instagram.com/p/DajOtu_qvWb/,2026-09-27,"Instagram, QB Country (trainer) own footage; individual/trainer tier; non-commercial research/portfolio use",0:24.7-0:27.2,three-quarter-view,2026-07 session. Hard cut at 24.67s just before window; camera orbits toward side-behind through release. Small watermark near feet.,pass,Round 1-3 sourcing (docs/instagram_sourcing_spec.md): agent true-frame-rate contact-sheet check + orchestrator spot-check passed. Pose detection: 75/75 frames (100%).
marcus_mariota,clip1_espn_oregon_proday,https://www.youtube.com/watch?v=39EIWf_Qhew,2026-09-27,YouTube re-upload of ESPN broadcast (official); non-commercial research/portfolio use,0:24.4-0:26.8,three-quarter-view,2015 Oregon pro day. SAME SESSION as clip2 (different rep/camera).,pass,Round 1-3 sourcing (docs/instagram_sourcing_spec.md): agent true-frame-rate contact-sheet check + orchestrator spot-check passed. Pose detection: 71/71 frames (100%).
marcus_mariota,clip2_nfl_oregon_proday,https://www.youtube.com/watch?v=sWCL0czoo2A,2026-09-27,"YouTube, NFL official channel; non-commercial research/portfolio use",0:12.2-0:14.6,three-quarter-view,2015 Oregon pro day. SAME SESSION as clip1 -- count once toward per-session diversity; keep out of cross-split pairing.,pass,Round 1-3 sourcing (docs/instagram_sourcing_spec.md): agent true-frame-rate contact-sheet check + orchestrator spot-check passed. Pose detection: 72/72 frames (100%).
marcus_mariota,clip3_nfl_2015combine,https://www.youtube.com/watch?v=eevqOtGxAjM,2026-09-27,"YouTube, NFL official channel; non-commercial research/portfolio use",0:37.0-0:39.4,three-quarter-view,2015 combine; graphic bar below feet.,pass,Round 1-3 sourcing (docs/instagram_sourcing_spec.md): agent true-frame-rate contact-sheet check + orchestrator spot-check passed. Pose detection: 72/72 frames (100%).
cj_stroud,clip1_nfl_2023combine,https://www.youtube.com/watch?v=41WFI-ivcCQ,2026-09-27,"YouTube, NFL official channel; non-commercial research/portfolio use",0:08.8-0:11.4,three-quarter-view,"2023 combine, 1080p but subject small in frame; 'OSU #12 STROUD' nameplate.",pass,Round 1-3 sourcing (docs/instagram_sourcing_spec.md): agent true-frame-rate contact-sheet check + orchestrator spot-check passed. Pose detection: 76/78 frames (97%).
jaxson_dart,clip1_rgtv_olemiss_proday,https://www.youtube.com/watch?v=Ma3ePM7Vpsg,2026-09-27,"YouTube, MPW Digital / RGTV (media outlet); individual/media tier; non-commercial research/portfolio use",1:43.4-1:46.2,three-quarter-behind-view,Ole Miss pro day 2025-03-29; throw 104.9-106.2s.,pass,Round 1-3 sourcing (docs/instagram_sourcing_spec.md): agent true-frame-rate contact-sheet check + orchestrator spot-check passed. Pose detection: 84/84 frames (100%).
trevor_lawrence,clip1_berkshire_workout2023,https://www.youtube.com/watch?v=-BiMD1_0WTk,2026-09-27,"YouTube, Aaron Berkshire (videographer) own upload; individual/fan tier; non-commercial research/portfolio use",1:43.5-1:47.1,near-side-view,2023 offseason workout throwing to Calvin Ridley; telephoto; cut to receiver at ~107.1s.,pass,Round 1-3 sourcing (docs/instagram_sourcing_spec.md): agent true-frame-rate contact-sheet check + orchestrator spot-check passed. Pose detection: 86/86 frames (100%).
baker_mayfield,clip1_helmer_ou_proday,https://www.youtube.com/watch?v=aQVtjiZ2kaM,2026-09-27,"YouTube, Joey Helmer (fan phone footage); individual/fan tier; non-commercial research/portfolio use",0:00.9-0:03.1,near-side-view,"OU pro day 2018-03-14; 720p phone video, subject small, mild motion blur.",pass,Round 1-3 sourcing (docs/instagram_sourcing_spec.md): agent true-frame-rate contact-sheet check + orchestrator spot-check passed. Pose detection: 61/66 frames (92%).
brock_purdy,clip1_2022combine_rip,https://www.youtube.com/watch?v=IQXfU3EGz_s,2026-09-27,YouTube re-upload (TrendingHighlights) of NFL official combine broadcast; non-commercial research/portfolio use,0:49.4-0:50.6,three-quarter-behind-view,"2022 combine, 1080p60 but soft from re-encoding; stats lower-third below feet.",pass,Round 1-3 sourcing (docs/instagram_sourcing_spec.md): agent true-frame-rate contact-sheet check + orchestrator spot-check passed. Pose detection: 72/72 frames (100%).
matthew_stafford,clip1_johnkay_rams_camp2021,https://www.youtube.com/watch?v=kG7I-TgORUk,2026-09-27,"YouTube, John Kay (fan channel); individual/fan tier; non-commercial research/portfolio use",0:02.6-0:04.5,three-quarter-view,"Rams training camp 2021, #9 red jersey. Set nearly facing camera; load/release clearly off-axis. Hard cut ~4.55s.",pass,Round 1-3 sourcing (docs/instagram_sourcing_spec.md): agent true-frame-rate contact-sheet check + orchestrator spot-check passed. Pose detection: 57/57 frames (100%).
justin_herbert,clip1_oregon_proday,https://www.youtube.com/watch?v=_KjJ-DC-JSo,2026-09-27,"YouTube, Kevin Wade upload carrying 247Sports branding (treated as official, conservative); non-commercial research/portfolio use",0:25.0-0:27.6,three-quarter-behind-view,"Oregon pro day, 720p60. Dropback near directly-behind; load/release three-quarter-behind.",pass,Round 1-3 sourcing (docs/instagram_sourcing_spec.md): agent true-frame-rate contact-sheet check + orchestrator spot-check passed. Pose detection: 156/156 frames (100%).
drake_maye,clip1_bourne_vlog_offseason,https://www.youtube.com/watch?v=D-MAzEgqrE4,2026-09-27,"YouTube, Kendrick Bourne (Patriots WR) own vlog; individual tier; non-commercial research/portfolio use",2:21.4-2:23.9,three-quarter-view,Offseason session; face identified at 132-134s. Wide lens with ~15 degree dutch tilt.,pass,Round 1-3 sourcing (docs/instagram_sourcing_spec.md): agent true-frame-rate contact-sheet check + orchestrator spot-check passed. Pose detection: 59/59 frames (100%).
sam_darnold,clip1_palmer_tiktok_2022,https://www.tiktok.com/@jordanpalmer/video/7125495883399138606,2026-09-27,"TikTok, Jordan Palmer (Darnold's QB trainer) own footage; individual/trainer tier; non-commercial research/portfolio use",0:01.7-0:02.5,three-quarter-view,2022-07-28; name caption box below feet.,pass,Round 1-3 sourcing (docs/instagram_sourcing_spec.md): agent true-frame-rate contact-sheet check + orchestrator spot-check passed. Pose detection: 24/24 frames (100%).
sam_darnold,clip2_seahawks_x_2026,https://x.com/hawkmania4/status/2064863411020902514,2026-09-27,X repost of Seattle Seahawks / NFL official footage (on-screen credit); non-commercial research/portfolio use,0:02.4-0:05.0,three-quarter-view,2026-06 Seahawks practice.,pass,Round 1-3 sourcing (docs/instagram_sourcing_spec.md): agent true-frame-rate contact-sheet check + orchestrator spot-check passed. Pose detection: 78/78 frames (100%).
michael_penix_jr,clip1_247_hs_camp2016,https://www.youtube.com/watch?v=yGrmL5NunTk,2026-09-27,"YouTube, Josh Newberg / 247Sports-watermarked recruiting footage (treated as official, conservative); non-commercial research/portfolio use",0:24.6-0:26.7,three-quarter-view,2016 high-school camp; LEFT-handed. 720p with busy background.,pass,Round 1-3 sourcing (docs/instagram_sourcing_spec.md): agent true-frame-rate contact-sheet check + orchestrator spot-check passed. Pose detection: 63/63 frames (100%).
